<?xml version="1.0" encoding="UTF-8"?>
<!--
/**
 *  extension for Magento
 *
 * NOTICE OF LICENSE
 *
 * This source file is subject to the Open Software License (OSL 3.0)
 * that is bundled with this package in the file LICENSE.txt.
 * It is also available through the world-wide-web at this URL:
 * http://opensource.org/licenses/osl-3.0.php
 *
 * DISCLAIMER
 *
 * Do not edit or add to this file if you wish to upgrade
 * the Nerdery Suggest module to newer versions in the future.
 * If you wish to customize the Nerdery Suggest module for your needs
 * please refer to http://www.magentocommerce.com for more information.
 *
 * @category   Nerdery
 * @package    Nerdery_Suggest
 * @copyright  Copyright (C) 2012 Phillip Jackson (http://philwinkle.com/)
 * @license    http://opensource.org/licenses/osl-3.0.php  Open Software License (OSL 3.0)
 */
-->
<config>
    <modules>
        <Nerdery_Suggest>
            <active>true</active>
            <codePool>local</codePool>
        </Nerdery_Suggest>
    </modules>
</config>
